{"Master":100.0,"SFX":0.9011088013648987,"UI":50.0,"BGM":0.6070073246955872}